[
  {
    "name": "Cloudinary Auto-Tagging Workflow",
    "description": "When a new image is uploaded to the UFS (via a backend API call), this workflow triggers Cloudinary's AI analysis for auto-tagging and updates the VFS metadata in Supabase.",
    "nodes": [
      {
        "parameters": {
          "path": "webhook/cloudinary-tagger",
          "httpMethod": "POST",
          "responseMode": "response",
          "options": {
            "authentication": "predefined",
            "predefinedCredentialType": "secret",
            "secret": "{{ $env.N8N_WEBHOOK_SECRET }}"
          }
        },
        "name": "Webhook Trigger",
        "type": "n8n-nodes-base.webhook",
        "typeVersion": 1,
        "position": [240, 300]
      },
      {
        "parameters": {
          "resource": "upload",
          "operation": "explicit",
          "publicId": "={{ $json.publicId }}",
          "options": {
            "categorization": "google_tagging",
            "autoTagging": 0.6
          }
        },
        "name": "Cloudinary Auto-Tag",
        "type": "n8n-nodes-base.cloudinary",
        "typeVersion": 1,
        "position": [480, 300]
      },
      {
        "parameters": {
          "resource": "data",
          "operation": "update",
          "table": "vfs_metadata",
          "id": "={{ $json.vfsId }}",
          "updateFields": {
            "metadata": "={{ JSON.stringify({ ...$json.metadata, tags: $json.tags }) }}"
          }
        },
        "name": "Supabase Update Metadata",
        "type": "n8n-nodes-base.supabase",
        "typeVersion": 1,
        "position": [720, 300]
      }
    ]
  }
]
